method,rms,entropy,edge,lap
original,57.779729047488736,7.443768501281738,0.13257438753858025,1035.5540330432805
hist-eq,73.87487855851249,7.342592239379883,0.15575870466820987,1545.4801515963015
CLAHE 2.0,65.32385738518138,7.717423439025879,0.17288170331790123,3080.1219442521833
gamma 1.4,47.66402790791409,7.147214889526367,0.12148256655092593,788.5533500391341
unsharp,67.1642810968548,7.529999256134033,0.1869092399691358,5689.945073103753
original,58.279730333984375,6.770129203796387,0.05834056712962963,241.85127314683996
hist-eq,77.57742727663998,6.686398506164551,0.08912338445216049,550.7182586508051
CLAHE 2.0,65.66092269720373,7.070589065551758,0.10677686149691358,778.7708392846041
gamma 1.4,46.93623657836624,6.54870080947876,0.04351731288580247,161.32865245049547
unsharp,61.5709096961097,6.734665393829346,0.1139232494212963,1336.1045217514038
original,53.26501393386657,7.104372978210449,0.09998263888888889,1011.4771042812018
hist-eq,74.39841714102509,7.032126426696777,0.14649305555555556,2602.501062418149
CLAHE 2.0,64.13839407676879,7.480373382568359,0.17115017361111112,3717.853915858214
gamma 1.4,42.56478780662603,6.843750953674316,0.07692274305555556,700.854688750373
unsharp,59.42131839799428,7.152851104736328,0.1788107638888889,5688.018725956595
original,50.084267438574386,6.901877403259277,0.06574652777777777,242.26108621693518
hist-eq,76.3347693934883,6.800741672515869,0.10905478395061728,711.113669313518
CLAHE 2.0,63.39647319034518,7.268643379211426,0.12444251543209876,811.9035777402543
gamma 1.4,39.918171835154745,6.654354572296143,0.05224922839506173,164.3718099161914
unsharp,55.22916292008454,6.959196090698242,0.13706597222222222,1375.9744373371057
original,54.73747995933835,6.868684768676758,0.05088734567901235,238.19877451720737
hist-eq,76.70296488930164,6.761115074157715,0.07455439814814815,504.83028136591565
CLAHE 2.0,65.8385803704446,7.232372760772705,0.0874537037037037,655.8315798585957
gamma 1.4,43.80623531263398,6.639853477478027,0.04269868827160494,164.88060666985785
unsharp,59.799630871810585,6.888749122619629,0.09729552469135802,1222.785152327541
original,48.64656636938096,7.328343391418457,0.09948881172839506,763.2200788090986
hist-eq,73.85817752795904,7.253539562225342,0.1306423611111111,1692.062586215071
CLAHE 2.0,61.13251489135731,7.714821815490723,0.14367826485339505,1868.1597231656397
gamma 1.4,39.71791246507297,7.0191969871521,0.08975935570987655,535.4702120398152
unsharp,58.836612058471815,7.491775035858154,0.1599241657021605,4031.6045662053943
original,55.212173307897764,7.303861618041992,0.0786645206404321,484.9342462253032
hist-eq,73.97109312633788,7.228067398071289,0.10391649787808642,991.1511427785922
CLAHE 2.0,63.25601715402216,7.69058084487915,0.12842399691358025,1254.6107812697358
gamma 1.4,45.0107785525023,7.008458137512207,0.06404019579475309,340.3942962211636
unsharp,61.71585610636396,7.409934043884277,0.14197832272376543,2598.525903287293
original,54.217249668853846,7.341724872589111,0.10303819444444444,568.4592269483024
hist-eq,73.80097933112143,7.273102283477783,0.13096788194444445,1058.293936763886
CLAHE 2.0,61.00029352277753,7.65024471282959,0.16990017361111112,2054.4776164513855
gamma 1.4,44.17477367616362,7.034247398376465,0.08135850694444445,407.1028019186891
unsharp,60.36923598644228,7.467260360717773,0.18083333333333335,3205.7984535683527
original,51.91958786549893,7.285068988800049,0.12109809027777778,1311.0524348576864
hist-eq,73.69161442592217,7.201067924499512,0.1580859375,3098.839826345486
CLAHE 2.0,64.0619571605552,7.6944074630737305,0.1768706597222222,4559.390878166877
gamma 1.4,41.737097793202636,6.986612319946289,0.1004296875,928.2858072238498
unsharp,61.132221390613886,7.428919792175293,0.18796006944444443,7198.163777895252
original,57.24278563211135,7.403951644897461,0.1319263599537037,1287.823217022975
hist-eq,73.88384710732323,7.289274215698242,0.15737726658950618,1905.0936566672117
CLAHE 2.0,64.29681563716989,7.706027507781982,0.17672767168209877,3423.531777568061
gamma 1.4,46.97581405502515,7.105767250061035,0.11722668306327161,935.5183887647031
unsharp,66.96616628507846,7.497522354125977,0.18967315297067902,6859.835638322149
original,57.48282617900889,7.374144554138184,0.093515625,612.1039010710351
hist-eq,73.89525696560456,7.246862888336182,0.11307291666666666,1043.3051544912646
CLAHE 2.0,61.75810527067086,7.696600914001465,0.15124131944444444,1963.813258958586
gamma 1.4,47.47733916945468,7.085732460021973,0.07596788194444444,445.1754942972819
unsharp,63.22196967174501,7.5133843421936035,0.16412760416666666,3366.2944743738053
original,68.69368275092744,7.0586676597595215,0.15899582851080246,1191.8530547164269
hist-eq,77.91646990591815,6.819758415222168,0.17108229648919754,1530.8107862667946
CLAHE 2.0,75.6799433284635,7.397257328033447,0.18575484664351852,3103.2499568476455
gamma 1.4,57.138524799696526,6.863794326782227,0.14661096643518517,975.16527276489
unsharp,79.73932963997292,7.042864799499512,0.1998486930941358,6258.071048465304
original,55.06789035322896,7.304737091064453,0.09686197916666667,753.3460001544529
hist-eq,73.91663062979309,7.2387495040893555,0.12491319444444444,1345.6692838393974
CLAHE 2.0,62.895207567361425,7.635916709899902,0.16128038194444444,2730.637993378364
gamma 1.4,44.68148435897452,7.0045905113220215,0.076640625,525.8379772881214
unsharp,61.005081780761174,7.415615081787109,0.1717751736111111,4267.146437263696
original,59.799832460885945,7.518794059753418,0.1524191020447531,1545.2645971470079
hist-eq,73.85539805594397,7.359141826629639,0.17296911168981483,2051.7756978781586
CLAHE 2.0,64.54879177411979,7.786757469177246,0.1947488667052469,3921.0748672397776
gamma 1.4,50.00756029414259,7.237462997436523,0.13560956790123457,1194.2326660153979
unsharp,71.02516347385772,7.612894535064697,0.21276704764660495,8219.555314408082
original,51.680011270191635,7.317840576171875,0.07244791666666667,508.27763271738684
hist-eq,73.79514778665576,7.22435998916626,0.11407118055555555,1126.6457679253285
CLAHE 2.0,62.34883530420783,7.646091461181641,0.13891493055555557,1583.5850383480872
gamma 1.4,41.637819360291275,7.027670860290527,0.0579296875,356.9960715774913
unsharp,57.53124622462357,7.412003517150879,0.15245225694444445,2735.395286400896
original,52.19245156067009,7.308860778808594,0.08535590277777778,640.0921019928355
hist-eq,73.8345356039662,7.195430278778076,0.12654079861111112,1419.3805627689878
CLAHE 2.0,62.79285625608392,7.658102512359619,0.15168836805555555,2016.57042094363
gamma 1.4,42.12928154685555,7.007763862609863,0.0684157986111111,457.49614228785
unsharp,58.430210586649295,7.4396185874938965,0.16355034722222223,3491.7105813765165
original,45.820048600889756,7.347153186798096,0.11662688078703703,827.1549367161899
hist-eq,73.78945474106739,7.25114631652832,0.14358482831790123,1836.5123345392576
CLAHE 2.0,59.69033062220892,7.708765983581543,0.16263081114969136,2281.5811248034843
gamma 1.4,37.222227622175296,7.023576736450195,0.10243356963734568,580.2630943405957
unsharp,56.57870606354953,7.486628532409668,0.1748589409722222,4463.407228482703
original,51.74833320006567,7.2791643142700195,0.12033854166666667,1216.6939400009153
hist-eq,73.65873267014886,7.192360877990723,0.15838541666666667,2950.539961059401
CLAHE 2.0,63.89306109760461,7.695176124572754,0.17827256944444445,4239.920501198926
gamma 1.4,41.584741734252155,6.983099937438965,0.09959635416666666,862.9771839189694
unsharp,60.86309310674986,7.425549507141113,0.188125,6698.919640152525
original,51.382417152392925,7.268187522888184,0.11369357638888888,1011.6736227023466
hist-eq,73.70796630583355,7.18576717376709,0.15746527777777777,2489.7474363534247
CLAHE 2.0,63.50056793476827,7.693510055541992,0.17491319444444445,3539.5764539477696
gamma 1.4,41.201946316590764,6.972456932067871,0.09088975694444444,710.654799421221
unsharp,60.290565507816495,7.4312238693237305,0.18502170138888888,5618.889055880907
original,53.00159257354881,7.281148910522461,0.08498697916666667,546.0621027138604
hist-eq,73.67897645570383,7.217177391052246,0.11711805555555556,1176.3319518699172
CLAHE 2.0,61.89284386468251,7.663331985473633,0.15081597222222223,1895.0384399305556
gamma 1.4,42.63516033450375,6.984131336212158,0.06951388888888889,379.5598377924978
unsharp,58.74532499303764,7.372995376586914,0.16204427083333334,3052.5041616083595
original,51.52576060180127,7.092634201049805,0.11531684027777778,1102.7564670679728
hist-eq,74.37003831867202,7.010814666748047,0.1622699652777778,3038.1579305769556
CLAHE 2.0,64.91953382415775,7.569224834442139,0.17791666666666667,4020.1303255015437
gamma 1.4,41.01059033036337,6.81629753112793,0.09224826388888889,768.7332222054752
unsharp,59.9005676579414,7.236888408660889,0.18671006944444443,6133.743315972223
original,53.898448811431805,7.03105354309082,0.06672453703703704,284.35693677795626
hist-eq,75.34438055652446,6.940117359161377,0.10366319444444444,679.0554028048673
CLAHE 2.0,64.31325612174692,7.3636088371276855,0.11697337962962963,939.1532887087881
gamma 1.4,43.23011213996131,6.794907093048096,0.053877314814814815,197.3688441967539
unsharp,58.51371823026229,7.077912330627441,0.12961033950617284,1570.7084097407942
original,51.16259756890177,7.090229511260986,0.11813368055555555,1074.990072873264
hist-eq,74.54703719910624,7.010599136352539,0.1629904513888889,2970.127163714072
CLAHE 2.0,64.53323586860633,7.524880409240723,0.18135416666666668,3885.158784228497
gamma 1.4,40.71582256323627,6.815798759460449,0.09525607638888889,741.7392200912476
unsharp,59.577347722139685,7.196636199951172,0.19,5941.055534518471
original,54.08423592969634,7.323398590087891,0.10828390239197531,853.6819137277499
hist-eq,73.90187739221832,7.223567008972168,0.1369749469521605,1557.1445492507664
CLAHE 2.0,62.79717006535876,7.67333459854126,0.15377845293209877,2466.5297109787375
gamma 1.4,44.06077716299323,7.026688575744629,0.09152862172067901,622.766543848379
unsharp,62.521755537790945,7.486799716949463,0.16407154224537038,4696.000950853811
original,72.7289536693214,7.073809623718262,0.16936125578703703,3365.6300606356854
hist-eq,79.04187434196366,6.8311309814453125,0.17208297164351852,3068.024714893765
CLAHE 2.0,75.32228397630402,7.17146635055542,0.19495081018518517,9042.45695545425
gamma 1.4,61.82684831912747,6.915844917297363,0.16387864101080246,2860.325840137623
unsharp,82.74266777296384,6.745253562927246,0.2110279224537037,17440.12156751842
original,53.65066479024409,7.316948413848877,0.1088064236111111,911.1100125079685
hist-eq,73.63895398882104,7.227632999420166,0.14979166666666666,2113.404550282043
CLAHE 2.0,64.13178734023113,7.729059219360352,0.16973958333333333,3043.6387064307696
gamma 1.4,43.23278721256077,7.02733039855957,0.08898871527777778,649.5076735079542
unsharp,62.191180370083124,7.450821876525879,0.1815451388888889,5023.708466144627
original,48.62298184617195,6.990527629852295,0.18778742283950617,1503.7111395722443
hist-eq,76.39961811943421,6.871535301208496,0.20987654320987653,3444.413326086138
CLAHE 2.0,68.20109597901107,7.398057460784912,0.21738425925925925,4392.864081252497
gamma 1.4,39.13241064583888,6.718258380889893,0.17597800925925927,1028.2618778926812
unsharp,65.90466872936557,6.989764213562012,0.2296141975308642,7841.485218156378
original,46.17687560028016,7.359626770019531,0.11519519193672839,792.8620112276881
hist-eq,73.81878337884642,7.271810531616211,0.1402030285493827,1716.2849089510646
CLAHE 2.0,59.67326808801658,7.709115028381348,0.15800720968364199,2154.445334519542
gamma 1.4,37.561216114668326,7.038458824157715,0.10285252700617284,560.3353245725921
unsharp,56.789360100466716,7.496352672576904,0.1709647472993827,4265.290667333393
original,46.04909929025658,7.334402561187744,0.11223536361882716,1325.5032074931391
hist-eq,73.79510714937703,7.243510723114014,0.13676396122685186,2837.096944437351
CLAHE 2.0,59.89561439518617,7.7039079666137695,0.15439332561728394,3402.536243877947
gamma 1.4,37.53082664376443,7.016711711883545,0.09904272762345678,940.9622856804989
unsharp,57.328712496471695,7.503306865692139,0.16748046875,6895.833872222408
original,46.18145790696984,7.316715717315674,0.10108326099537036,753.651831146203
hist-eq,73.8211923913656,7.2323994636535645,0.12684461805555555,1709.9039663926092
CLAHE 2.0,60.012685178343474,7.697885990142822,0.14308449074074073,1912.8436366961125
gamma 1.4,37.52962812763547,6.997888565063477,0.08917462384259259,527.3186517154147
unsharp,56.53635608672896,7.477768898010254,0.15898377218364199,3942.6150364614073
original,75.11692708282001,7.252532958984375,0.1062282986111111,745.0618423163991
hist-eq,75.97973010855281,7.007754325866699,0.12018952546296297,797.1632109197733
CLAHE 2.0,76.673249110018,7.445255756378174,0.1479220920138889,1674.828289298709
gamma 1.4,63.92489985327805,7.0992584228515625,0.09677915219907407,638.2275754508131
unsharp,83.41915642154936,7.146416664123535,0.16131968557098766,3786.6894065741812
original,59.62011730440151,7.138974189758301,0.13079475308641975,712.5595115692515
hist-eq,76.10686624422203,7.0160908699035645,0.14657021604938272,1102.7635055155315
CLAHE 2.0,69.98091643293805,7.527107238769531,0.16713348765432098,1973.1797902382114
gamma 1.4,49.17606433843559,6.91330099105835,0.11525462962962962,502.92679828669174
unsharp,68.00538845596203,7.234279155731201,0.18337962962962964,3899.400538332556
original,53.44683507067284,7.31440544128418,0.11495225694444444,965.8409077659137
hist-eq,73.6551753786056,7.223539352416992,0.1530512152777778,2237.2182140109403
CLAHE 2.0,64.01291097744425,7.725818157196045,0.17260416666666667,3193.6276440121496
gamma 1.4,43.152291825817585,7.027581214904785,0.09762586805555555,689.605645466821
unsharp,62.33977958948233,7.465541839599609,0.18514322916666667,5305.756635606083
original,54.96518656505028,7.382518291473389,0.0915625,711.1054502115132
hist-eq,73.5908501062051,7.307657241821289,0.11611111111111111,1263.3695875375065
CLAHE 2.0,61.75708899898548,7.68255615234375,0.15141059027777778,2392.689184997389
gamma 1.4,44.79593747255099,7.096621513366699,0.07475260416666667,503.0021652732378
unsharp,61.10161179640979,7.471764087677002,0.16200520833333334,3965.9799339843753
original,46.19689156314741,7.1050567626953125,0.19218942901234567,1385.6680028396968
hist-eq,74.8434140728904,6.979917526245117,0.21255015432098764,3574.679562707175
CLAHE 2.0,65.9766943672778,7.580372333526611,0.22074074074074074,4137.368848686392
gamma 1.4,37.16458968716791,6.819889545440674,0.18020833333333333,946.0157477369678
unsharp,64.1340445369562,7.181517601013184,0.23430362654320988,7255.529644177584
original,53.42554479257466,7.124741077423096,0.16864969135802468,832.3510067383111
hist-eq,75.26516521591807,7.02590274810791,0.18994791666666666,1717.9170858216253
CLAHE 2.0,67.77530244890055,7.539906024932861,0.2034741512345679,2543.8458715015217
gamma 1.4,43.181459609464014,6.884897232055664,0.15565007716049384,589.0667744113498
unsharp,64.65179663025793,7.237821578979492,0.2184934413580247,4578.590097316529
original,49.04312724567224,7.338214874267578,0.1313888888888889,2072.8767199987974
hist-eq,73.93626859900583,7.243361473083496,0.15547067901234568,3725.5137615292388
CLAHE 2.0,62.569710538303,7.710810661315918,0.16125,5416.532211498487
gamma 1.4,40.13497038205408,7.027506351470947,0.11905478395061729,1495.4310431125887
unsharp,61.588797362410524,7.479755401611328,0.17474922839506174,10804.553413155147
original,54.44053693519822,7.164675712585449,0.16001543209876543,938.5538950374333
hist-eq,75.18416432498019,7.062625408172607,0.17978587962962964,1738.0218214696058
CLAHE 2.0,67.3778687321734,7.480762004852295,0.20285300925925925,2717.659604526213
gamma 1.4,44.32890902951768,6.92624568939209,0.14276620370370371,666.0605835127456
unsharp,64.6213697900632,7.283908843994141,0.21691743827160495,5120.6225178851555
original,57.18249648180623,7.108135223388672,0.1579494598765432,977.9679139696067
hist-eq,76.15264530619007,7.018134117126465,0.17903742283950616,1706.6031822768978
CLAHE 2.0,68.64012976423959,7.38461971282959,0.19833526234567903,2980.8430722831736
gamma 1.4,46.41954384322001,6.878116130828857,0.1442476851851852,697.7296500217758
unsharp,66.80132168035937,7.162956237792969,0.20989583333333334,5368.639992175709
original,54.29740300858471,7.333895683288574,0.1145529513888889,1706.2839652388773
hist-eq,73.90556155257612,7.248543739318848,0.13799479166666667,3071.2399996527024
CLAHE 2.0,63.069347999135026,7.650328636169434,0.16838975694444444,5855.470130120003
gamma 1.4,43.876491038336134,7.033743858337402,0.09278211805555556,1199.552463651511
unsharp,61.89151172037116,7.415253639221191,0.17973958333333334,9087.593118069099
original,58.36475014249252,7.485713005065918,0.07248649691358025,259.3465647192535
hist-eq,72.99606112310593,7.37399959564209,0.0883179012345679,523.5654831089369
CLAHE 2.0,60.24317591543235,7.743904113769531,0.10775462962962963,668.3126257885137
gamma 1.4,52.94237980834983,7.408769607543945,0.07021604938271606,228.7670814163438
unsharp,65.71374104057551,7.713226795196533,0.1230150462962963,1398.6572193463267
original,71.27184942487311,7.109380722045898,0.16310402199074073,2377.1047693668042
hist-eq,78.63139638327384,6.868104934692383,0.16418306327160495,2329.0842553091984
CLAHE 2.0,74.9082668786352,7.203252792358398,0.19150571469907407,6327.453704996164
gamma 1.4,60.25821242820937,6.924350261688232,0.15661771797839505,2022.1564421787841
unsharp,80.87965722296433,6.821301460266113,0.2066575038580247,12342.927089145065
original,55.68930054819797,7.321503639221191,0.05703125,378.2810081955898
hist-eq,73.52892722685644,7.216474533081055,0.0788671875,740.1021109053811
CLAHE 2.0,62.265020972641594,7.640247344970703,0.11295138888888889,1212.448003544485
gamma 1.4,45.33592488932332,7.0331339836120605,0.0474609375,268.2021785811624
unsharp,60.376292508057084,7.421642303466797,0.12094184027777778,2121.6095534369388
original,54.53944353472384,7.281412601470947,0.0776638454861111,473.4346841685093
hist-eq,73.86923374601017,7.208419322967529,0.10584551022376543,985.9015668503233
CLAHE 2.0,63.164357886150704,7.703700065612793,0.12630509741512347,1237.0442384630237
gamma 1.4,44.32954637996993,6.986764907836914,0.06553518036265432,328.79231201527665
unsharp,61.0603476234459,7.401419639587402,0.1386990017361111,2562.43183944044
original,53.82289145259731,7.071136474609375,0.1400906635802469,551.4031078031973
hist-eq,75.29818954523104,6.982858657836914,0.16787229938271606,1086.7846791614832
CLAHE 2.0,66.96923491610092,7.38079833984375,0.18373456790123457,1708.4144642645963
gamma 1.4,43.55296723131503,6.83697509765625,0.1233545524691358,386.68165899610386
unsharp,62.648765538447115,7.209763526916504,0.19853395061728396,3096.3055822205756
original,69.32809512796682,7.115675926208496,0.13449737172067902,1098.8699236831783
hist-eq,76.95514595905847,6.884918689727783,0.15112606095679013,1454.9639225742962
CLAHE 2.0,73.80198452764438,7.4628520011901855,0.16701630015432098,2739.2780419477076
gamma 1.4,57.686641461384106,6.924661636352539,0.12232349537037036,900.0575900816586
unsharp,79.22928448648325,7.141331195831299,0.18208369502314814,5680.048262826145
original,53.089260210020605,7.091244220733643,0.09266059027777777,725.1990895362949
hist-eq,74.42586219031055,7.017880439758301,0.1388888888888889,1912.7041886920506
CLAHE 2.0,63.64928615204598,7.467985153198242,0.16071180555555556,2622.5986776131335
gamma 1.4,42.40195768338499,6.830489158630371,0.07300347222222223,501.0709653952516
unsharp,58.67335519909349,7.131200790405273,0.17065538194444443,4123.74494040842
original,55.556192282347716,7.3202996253967285,0.061223958333333335,417.11211775262154
hist-eq,73.53853654944483,7.234370231628418,0.08296875,803.6277158371913
CLAHE 2.0,62.52648235469887,7.646179676055908,0.11737847222222222,1327.81677122328
gamma 1.4,45.13328025232914,7.031583786010742,0.05109809027777778,295.8640405363671
unsharp,60.31695208072102,7.416157245635986,0.12623697916666668,2328.468500763147
original,56.637084274711555,7.039785385131836,0.13603587962962962,658.5290339063177
hist-eq,76.96377598087939,6.937710762023926,0.15477237654320988,1139.2307015040938
CLAHE 2.0,69.88362065802956,7.35877799987793,0.1777662037037037,1810.8512748467356
gamma 1.4,46.29356093559847,6.810129165649414,0.11880594135802469,459.7560729720923
unsharp,65.24744231614532,7.166202545166016,0.19299189814814816,3529.994651546689
original,71.45810126590543,7.073171615600586,0.10889877507716049,813.3703881875442
hist-eq,77.92721280066804,6.843518257141113,0.12320360725308642,923.0014852351612
CLAHE 2.0,76.02023394478412,7.39660120010376,0.14477840470679013,1839.5693556892766
gamma 1.4,60.33477880456064,6.916940689086914,0.09846703800154322,678.1278016204114
unsharp,80.37259742976146,6.980795383453369,0.1586642795138889,4001.2621907741623
original,53.68615871084122,7.343319416046143,0.0975,702.9320785520766
hist-eq,73.61199249807885,7.259359359741211,0.12223090277777778,1363.2502558442857
CLAHE 2.0,62.170326583859726,7.678013801574707,0.15860243055555556,2327.444157985433
gamma 1.4,43.55701927262648,7.052817344665527,0.08156684027777777,498.94052884807826
unsharp,60.25156820659664,7.448704719543457,0.16842881944444443,3899.785696744114
original,48.73418241000062,7.3192524909973145,0.09560968846450617,670.8115685017639
hist-eq,73.8165591583748,7.239126682281494,0.12385163483796297,1440.7293291437772
CLAHE 2.0,61.44871704059375,7.713837146759033,0.13521773726851852,1601.561437147635
gamma 1.4,39.64950509744582,7.013308048248291,0.08452690972222222,475.97250281349034
unsharp,58.81320779433937,7.4598612785339355,0.15219304591049382,3539.3333810245717
original,70.13334214016966,7.283123016357422,0.15982771508487653,1614.091567572216
hist-eq,76.12333625612304,7.059350967407227,0.16626277970679013,2006.907684446526
CLAHE 2.0,72.62293226447203,7.4556074142456055,0.18763563368055555,4749.15360645396
gamma 1.4,58.88405930753811,7.097201347351074,0.15251555266203703,1370.9742081978848
unsharp,79.08681314493413,7.136356353759766,0.20361328125,8749.88831016073
original,54.31686721148104,7.408745765686035,0.13905466338734568,1584.8185415969647
hist-eq,73.88989604563159,7.321002006530762,0.16542185088734568,2441.0647721500623
CLAHE 2.0,64.3534842677083,7.721596717834473,0.18114932966820987,4774.171399877659
gamma 1.4,44.287026854146454,7.1081953048706055,0.12704053337191357,1189.727802307681
unsharp,64.70265859514264,7.478280067443848,0.1923556857638889,8738.981721058539
original,55.13270132430082,7.287469863891602,0.0615625,398.11452663845483
hist-eq,73.58490543538397,7.1936516761779785,0.08555555555555555,749.8236450831096
CLAHE 2.0,62.95235793808362,7.6196722984313965,0.12033854166666667,1224.6491900046833
gamma 1.4,44.573273575912054,7.004444122314453,0.05130208333333333,277.52968390568867
unsharp,60.02684095316183,7.344152450561523,0.1286501736111111,2206.9566697333253
original,58.21176722057313,6.907351493835449,0.05452546296296296,210.94989149305556
hist-eq,76.05238960310264,6.82597017288208,0.08134645061728395,454.0164908807132
CLAHE 2.0,67.49805660348387,7.4108781814575195,0.10068672839506172,603.6495093948222
gamma 1.4,46.82726476842056,6.680953025817871,0.04574074074074074,148.17792947688267
unsharp,63.48898021309562,7.028310775756836,0.11353395061728395,1137.3130249926733
original,53.46846426695411,7.017058372497559,0.09878472222222222,733.5031195289706
hist-eq,75.06250281757666,6.9359049797058105,0.15592447916666666,1895.9967404512192
CLAHE 2.0,64.80645942984513,7.400036811828613,0.174140625,2597.4379759746785
gamma 1.4,42.67266421550453,6.764103889465332,0.07786458333333333,504.2161105794271
unsharp,59.146091705291816,7.046436309814453,0.18482204861111112,4094.2182864339193
original,53.0993462815324,7.258732795715332,0.05649739583333333,323.3433271266607
hist-eq,73.43985321102843,7.167474746704102,0.08707465277777778,753.9545603942871
CLAHE 2.0,62.10299677605379,7.650673866271973,0.11223958333333334,1028.2555729912465
gamma 1.4,42.68237050803341,6.977499961853027,0.04757378472222222,225.7538109251234
unsharp,57.79037545675919,7.328329563140869,0.12262152777777778,1800.663934345594
original,67.57881554750224,7.432787895202637,0.17335792824074073,4561.527856353643
hist-eq,75.48968742962134,7.2487077713012695,0.17345739293981483,5613.019122754914
CLAHE 2.0,71.25177545740337,7.553664207458496,0.19718123070987653,13305.988217618069
gamma 1.4,56.67748672490438,7.225117206573486,0.1688790027006173,3931.7393621853207
unsharp,79.31965553152725,7.282202243804932,0.2104220920138889,23751.806236353394
original,51.90011836288887,7.297209739685059,0.0996484375,757.8314617535439
hist-eq,73.68746440218533,7.206182479858398,0.14832899305555555,1932.982036149691
CLAHE 2.0,63.390242150777574,7.694699287414551,0.1673611111111111,2619.460676843695
gamma 1.4,41.73422118103763,7.008490562438965,0.0815234375,539.6739531059924
unsharp,60.120669338818956,7.440743446350098,0.17850694444444445,4238.072465544806
original,46.2794291507712,7.275064468383789,0.13000578703703702,822.4505980393136
hist-eq,73.96001849391756,7.164931297302246,0.1578028549382716,1861.9099150926427
CLAHE 2.0,61.00625095377357,7.701545715332031,0.16006751543209877,2370.51285826117
gamma 1.4,37.61973932421316,6.952715873718262,0.11944444444444445,576.1162012333623
unsharp,57.63297792426304,7.428513050079346,0.17282021604938272,4535.484034506366
original,45.60077247895149,7.326323986053467,0.10123396508487655,698.3037754239659
hist-eq,73.80109835771837,7.233260154724121,0.1255003375771605,1592.5643016560432
CLAHE 2.0,59.53772296033515,7.706974983215332,0.14113739390432098,1801.3196746809074
gamma 1.4,37.107887253065925,7.00745964050293,0.08848439911265432,490.54483035235415
unsharp,55.903855898080565,7.5006279945373535,0.15517397280092593,3731.556274120445
original,53.25466958719545,6.980164051055908,0.066015625,534.2995956081626
hist-eq,75.19552570451377,6.924953460693359,0.11120659722222222,1317.7625249924647
CLAHE 2.0,64.67978323610457,7.4084062576293945,0.13055555555555556,1790.6050346950203
gamma 1.4,42.422512461638426,6.725224494934082,0.05290364583333333,366.8229337191358
unsharp,58.09175636596577,7.059825897216797,0.13901041666666666,2938.1564545931597
original,51.11629431171654,7.09731912612915,0.11876302083333333,1044.2756062183332
hist-eq,74.47938675525634,7.012791633605957,0.1661154513888889,2935.7738354322646
CLAHE 2.0,64.46400786345667,7.537773609161377,0.18263888888888888,3808.9859149268636
gamma 1.4,40.69344114149319,6.822105407714844,0.09741319444444445,721.115318344606
unsharp,59.48402137655414,7.208988189697266,0.19128038194444444,5840.218402678238
original,46.23698266616639,7.321127891540527,0.09655912422839506,732.7606397568953
hist-eq,73.8598278518584,7.232857704162598,0.1233934944058642,1661.6569762784447
CLAHE 2.0,59.81709720737582,7.7067790031433105,0.13810522762345678,1847.5831235169073
gamma 1.4,37.61930085716154,7.003460884094238,0.08556073977623457,515.3436679132845
unsharp,56.605301975788734,7.486865520477295,0.15234977816358025,3870.1912422659475
original,53.83699050429833,7.332204818725586,0.1368838028169014,658.8170207613003
hist-eq,73.81352301159822,7.2683892250061035,0.17845510563380282,1249.47036131408
CLAHE 2.0,58.89821681710013,7.572850227355957,0.2132262323943662,2061.7089730595835
gamma 1.4,43.81329067855441,7.028215408325195,0.11276408450704226,478.8101855720591
unsharp,62.17695746724972,7.490899562835693,0.22810299295774647,3808.2096848106276
original,53.850015036269866,7.381538391113281,0.1368965808256173,1174.766367426625
hist-eq,73.85212069566883,7.293203353881836,0.1653977382330247,1961.164848294932
CLAHE 2.0,64.27183954158929,7.719193458557129,0.1813331886574074,3545.0312496579795
gamma 1.4,43.77784731595671,7.0818562507629395,0.12406563464506173,870.0666858594951
unsharp,63.62183127317838,7.4727983474731445,0.19456199363425927,6512.30562855393
original,53.143340628025854,7.321343421936035,0.10159565489969136,654.1009920044855
hist-eq,73.87033014884994,7.226203441619873,0.1330445842978395,1340.5954328219877
CLAHE 2.0,62.7614622795285,7.703883171081543,0.14416956018518517,1869.0914764030642
gamma 1.4,43.16070488153965,7.024629592895508,0.08801721643518519,464.0076942637805
unsharp,60.970917833713145,7.443709373474121,0.15821819540895063,3664.1733307654476
original,71.70234876012776,7.054629325866699,0.15611135223765432,1765.4045928220364
hist-eq,78.06660291489244,6.791694641113281,0.16433979552469136,1740.0321839528012
CLAHE 2.0,75.49928796750368,7.217660903930664,0.18157130111882716,4841.4576277708775
gamma 1.4,60.68811220338428,6.887742042541504,0.15079149787808643,1468.2304008680405
unsharp,80.74433309055782,6.811283588409424,0.19659348476080246,9503.314279342376
original,71.36573099564782,7.054600715637207,0.16696204668209877,1956.1616683120387
hist-eq,79.00873152003308,6.848778247833252,0.17406322337962962,1949.5699350645207
CLAHE 2.0,74.32615691607528,7.157005310058594,0.19834165219907407,5426.632302753437
gamma 1.4,60.2131966519489,6.885902404785156,0.16063850308641975,1634.0020798721105
unsharp,80.41145662308739,6.794573783874512,0.2133035542052469,10619.457920112392
original,58.355416914606764,7.491884708404541,0.06282407407407407,219.80978067123675
hist-eq,73.09518758905882,7.401333332061768,0.07288387345679012,430.7190345486111
CLAHE 2.0,59.09668740193378,7.740601539611816,0.09226466049382716,563.0913996717665
gamma 1.4,53.008119682083965,7.391645431518555,0.05949845679012346,194.26149198374804
unsharp,64.93575072472412,7.690184116363525,0.1062037037037037,1186.47605734864
original,53.37050952818172,7.015684127807617,0.0961328125,667.5729556543986
hist-eq,75.05172465431222,6.933843612670898,0.15443142361111112,1743.1501637342665
CLAHE 2.0,64.84025120934655,7.401639461517334,0.17288628472222223,2393.1452946686163
gamma 1.4,42.58404684187706,6.762664794921875,0.07436197916666666,458.8261762137519
unsharp,58.94996125138062,7.042708396911621,0.1837065972222222,3767.8983744284546
original,52.027459576046354,6.8657426834106445,0.11309027777777778,762.2962449062018
hist-eq,76.427046656772,6.788670539855957,0.16608940972222222,2161.8106925870916
CLAHE 2.0,64.42136810651854,7.221907615661621,0.18039930555555556,2814.9967142284067
gamma 1.4,41.41200047600503,6.625272274017334,0.08537760416666666,521.5498665316359
unsharp,57.976128256860584,6.8994460105896,0.19154513888888888,4292.186949745442
original,71.2379419223208,6.932420253753662,0.1583839699074074,2138.4020151639834
hist-eq,80.73031453895041,6.68344783782959,0.1605541087962963,2115.367771403307
CLAHE 2.0,75.4785702884527,7.021078109741211,0.1849440586419753,5734.144536152535
gamma 1.4,60.129715223411324,6.764086723327637,0.1534499180169753,1792.7155248952738
unsharp,80.61156380603038,6.649274826049805,0.19787145543981483,11245.617353228703
original,51.41424776292642,7.251702308654785,0.10768229166666667,946.2250671725615
hist-eq,74.2127549694421,7.148952484130859,0.14677517361111111,2204.377951171197
CLAHE 2.0,63.051020184105745,7.558121681213379,0.17240017361111112,3153.9794223658246
gamma 1.4,41.23983490121631,6.96616268157959,0.08608940972222222,660.9521610919528
unsharp,58.352541676777676,7.307894229888916,0.18584201388888888,5128.23718363444
original,51.97905367394244,7.294004440307617,0.08498697916666667,652.1244788182388
hist-eq,73.83008045382067,7.170429229736328,0.12496527777777777,1427.1983667426214
CLAHE 2.0,62.84307735798696,7.64704704284668,0.15287760416666665,2090.2863016194474
gamma 1.4,41.88381526944706,6.991868019104004,0.06816840277777778,459.71634977739114
unsharp,58.1648255040001,7.417888164520264,0.16529947916666668,3565.735091744411
original,45.697598464324656,7.3169097900390625,0.09809630594135803,659.4833356183924
hist-eq,73.8209847607646,7.229525566101074,0.12656430844907407,1524.4465427552393
CLAHE 2.0,59.63119620648657,7.6984968185424805,0.1421169704861111,1686.4001751586243
gamma 1.4,37.14315101991443,6.9974365234375,0.08815285011574074,463.4752464634201
unsharp,55.97788650137633,7.483968734741211,0.15507752218364199,3501.079732959571
original,46.328254511857615,7.322598934173584,0.09951593846450617,529.2420149280374
hist-eq,73.8227377838193,7.2404327392578125,0.12679639274691357,1273.892795108328
CLAHE 2.0,59.22642045802616,7.699301242828369,0.14071843653549382,1400.4086187048995
gamma 1.4,37.667077368249515,7.004092693328857,0.08610930266203703,367.84652210459296
unsharp,55.86054855297786,7.49249792098999,0.15441743827160495,2822.237729144076
original,51.22560890644519,6.965010643005371,0.19434992283950617,1796.6211277750056
hist-eq,76.73491447937849,6.825443744659424,0.2127314814814815,3600.255795072263
CLAHE 2.0,70.14074774735255,7.3640594482421875,0.21841628086419754,5191.069968394112
gamma 1.4,41.330054749395714,6.704863548278809,0.18253279320987653,1243.9068398937466
unsharp,69.00210493066966,6.893287181854248,0.23111689814814815,9246.725047309737
original,53.22122817137679,7.304348468780518,0.14953785211267606,1392.6057615439142
hist-eq,72.74090190813519,7.192539691925049,0.17869718309859156,3450.48813074779
CLAHE 2.0,58.06949759887764,7.652730941772461,0.19535651408450705,3231.711896936817
gamma 1.4,47.764307393484174,7.219612121582031,0.14610475352112676,1184.4040769590724
unsharp,66.93194584533076,7.714207649230957,0.21254401408450704,6945.672266686122
