family,objective,math,input,params,dims,viz,complexity,backend,limitation,repro
color,capture material color + spread,masked mean/std/skew per channel,"64x64 RGB/HSV/Lab, masked px",3 spaces x 3 stats x 3 ch,27,"channel hists, violin, heatmap (2.5d/e)",O(N px),torch GPU,illumination/white-balance sensitive,cv2 cvtColor; torch masked moments
glcm,pairwise gray-level spatial dependence,"P(i,j|d,a) normalized co-occurrence -> props",64x64 gray quantized 32 levels,"d={1,2,4}, a={0,45,90,135}, symmetric",72,"matrix heatmaps, prop+direction boxplots (2.5a)",O(N px x 12 offsets),torch GPU,scale + quantization dependent,custom torch impl == skimage graycomatrix
lbp,micro-texture pattern frequency,"sum_k s(g_k - g_c) 2^k, uniform -> 10 bins","64x64 gray, masked px","P=8, R=1, uniform",10,code map + class hist (2.5b),O(N px),torch GPU,noise-sensitive at mask edges,equiv skimage local_binary_pattern 'uniform'
ltp,noise-robust ternary micro-texture,t(diff): -1/0/+1 vs tau; upper/lower LBP,"64x64 gray, masked px",tau=5 (swept 3/5/10 in 2.5c),20,ternary map + tau sensitivity (2.5c),O(N px),torch GPU,tau choice affects stability,Tan & Triggs 2010 formulation
glrlm,run-length texture coarseness,"rl(i,j) runs of level i length j -> 7 props",64x64 gray quantized 8 levels,4 dirs; SRE/LRE/GLN/RLN/RP/LGRE/HGRE,28,family MI share (3.1),O(N px x 4 dirs),numpy CPU,coarse quantization,Galloway 1975 definitions
tamura,psychovisual texture descriptors,coarseness=max avg win diff; contrast=sd/kurt^0.25; dir hist,"64x64 gray, masked px",windows 2^k k=1..5; 16-bin dir hist,18,gradient-dir hist (2.1),O(N px x 5),numpy CPU,heuristic definitions,Tamura et al. 1978
granulometry,particle size distribution proxy,pattern spectrum: diffs of morphological openings,"64x64 gray, masked px",disk openings k=1..7,7,implicit in source panel (2.1),O(N px x 7),cv2 CPU,disk-shaped element assumption,cv2.morphologyEx MORPH_OPEN
fractal,edge-complexity (self-similarity),box-count: slope of log N(s) vs log 1/s,Canny edges of 64x64 masked gray,"sizes 2,4,8,16,32",1,—,O(N px),numpy CPU,single scalar; Canny thresholds,standard box-counting
shape,instance geometry,area/peri/circ/solidity/AR + Hu moments,binary instance mask 64x64,cv2 moments + findContours,13,masked gallery (1.1),O(N px),cv2 CPU,auto-label polygon quality,cv2.HuMoments log-scaled
