img,cls,area,cat,best_iou,best_conf
04802d75-aef4-4463-b9ac-241ba1c9d161_jpg.rf.263e5baf01630c0c2c22cc775d06affb.jpg,sand,0.015572916666666667,no_pred,0.0,0.8571044206619263
5d14519a-5463-48e4-be39-5ac0f51b2859_jpg.rf.907a50e15248cfffca6b3bd3a142bc22.jpg,sand,0.006212705761316872,cls_swap,0.5147937618422971,0.0011870017042383552
5d14519a-5463-48e4-be39-5ac0f51b2859_jpg.rf.907a50e15248cfffca6b3bd3a142bc22.jpg,sand,0.038804655349794236,weak,0.03402728548487435,0.0011870017042383552
68935cd9-3fa0-403f-ba48-4764b89115a0_jpg.rf.cba60b875e151d124bab08a28944bf6a.jpg,gravel,0.007483924897119342,no_pred,0.0,0.6074148416519165
68935cd9-3fa0-403f-ba48-4764b89115a0_jpg.rf.cba60b875e151d124bab08a28944bf6a.jpg,gravel,0.15342656893004114,cls_swap,0.6791206013888161,0.017434248700737953
7a600bac-e654-415e-b91d-010d2db77b5b_jpg.rf.854d1ab158b6288ba17176d2aaab25b5.jpg,gravel,0.005026531974022863,conf_cut,0.7661996497373029,0.11675092577934265
7b6b3d3f-a6f6-4877-8d0f-c12776e0b494-1-_jpg.rf.5d55d29c18ac4987a99d6609d38f044a.jpg,gravel,0.005074614107073075,conf_cut,0.724494422780448,0.011240490712225437
9056e676-f14d-410c-9dc7-c5686b3fca04_jpg.rf.6fc669c89bf6cb1267ccf00e86958e00.jpg,gravel,0.008465220789370847,conf_cut,0.7841739030421531,0.17621976137161255
bbf45eda-4ffb-4bf1-9b29-a4e91475c8ec_mp4-0000_jpg.rf.83453101a2426120052779dce9303705.jpg,gravel,0.12681749131944445,cls_swap,0.6650994177743601,0.0017912570619955659
bbf45eda-4ffb-4bf1-9b29-a4e91475c8ec_mp4-0000_jpg.rf.83453101a2426120052779dce9303705.jpg,gravel,0.006251205632716049,no_pred,0.0,0.3671833872795105
bbf45eda-4ffb-4bf1-9b29-a4e91475c8ec_mp4-0000_jpg.rf.83453101a2426120052779dce9303705.jpg,gravel,0.04190477912808642,cls_swap,0.8961142477582199,0.3671833872795105
bbf45eda-4ffb-4bf1-9b29-a4e91475c8ec_mp4-0001_jpg.rf.fed03ea46a27eecff20bcc65391d4c2a.jpg,sand,0.05185727719907408,conf_cut,0.9346671882859219,0.02734975703060627
bbf45eda-4ffb-4bf1-9b29-a4e91475c8ec_mp4-0001_jpg.rf.fed03ea46a27eecff20bcc65391d4c2a.jpg,sand,0.11546043113425926,conf_cut,0.7674676618169899,0.0014603969175368547
bbf45eda-4ffb-4bf1-9b29-a4e91475c8ec_mp4-0001_jpg.rf.fed03ea46a27eecff20bcc65391d4c2a.jpg,sand,0.006724416473765432,cls_swap,0.6824180502341421,0.0013044923543930054
bbf45eda-4ffb-4bf1-9b29-a4e91475c8ec_mp4-0002_jpg.rf.edc3593175e923e3a5af4b4f84137a8a.jpg,sand,0.006076388888888889,no_pred,0.0,0.4849781095981598
bbf45eda-4ffb-4bf1-9b29-a4e91475c8ec_mp4-0002_jpg.rf.edc3593175e923e3a5af4b4f84137a8a.jpg,sand,0.15761839313271606,conf_cut,0.6332449391200419,0.0012840171111747622
bbf45eda-4ffb-4bf1-9b29-a4e91475c8ec_mp4-0004_jpg.rf.d699859e0531ab9ff61784ca1bdee145.jpg,sand,0.19383861400462962,conf_cut,0.7827728311875827,0.0010216048685833812
bbf45eda-4ffb-4bf1-9b29-a4e91475c8ec_mp4-0004_jpg.rf.d699859e0531ab9ff61784ca1bdee145.jpg,sand,0.005000361689814815,no_pred,0.0,0.8467177748680115
bbf45eda-4ffb-4bf1-9b29-a4e91475c8ec_mp4-0005_jpg.rf.f1a263c6281ebfe8bf510de2d85fbf15.jpg,sand,0.12877061631944445,conf_cut,0.7055772320403948,0.002009017625823617
bbf45eda-4ffb-4bf1-9b29-a4e91475c8ec_mp4-0007_jpg.rf.eb989daf8b22bd32af61a8d0ba684f39.jpg,sand,0.005356023341049383,no_pred,0.0,0.930199384689331
bbf45eda-4ffb-4bf1-9b29-a4e91475c8ec_mp4-0012_jpg.rf.a02328fa95e52f5bea19f4a225b1f8cb.jpg,sand,0.14706910686728394,conf_cut,0.7200997017120909,0.04958605766296387
bbf45eda-4ffb-4bf1-9b29-a4e91475c8ec_mp4-0013_jpg.rf.5c5e11459e1468845370aa533cbd4ba5.jpg,sand,0.1324538242669753,conf_cut,0.8713849856044004,0.002612765645608306
bbf45eda-4ffb-4bf1-9b29-a4e91475c8ec_mp4-0015_jpg.rf.d44f6326221a985a6ed87476023a7f18.jpg,sand,0.1520332995756173,conf_cut,0.8586529386529387,0.17130643129348755
bbf45eda-4ffb-4bf1-9b29-a4e91475c8ec_mp4-0022_jpg.rf.560e0824853f714bf0dffc285077742d.jpg,sand,0.15990608121141975,conf_cut,0.6851086710436948,0.07726458460092545
bbf45eda-4ffb-4bf1-9b29-a4e91475c8ec_mp4-0023_jpg.rf.1b1a44a3b55bcf5f4b5f4449c9bc2ed3.jpg,sand,0.016471956983024692,conf_cut,0.938348820586133,0.018320489674806595
bbf45eda-4ffb-4bf1-9b29-a4e91475c8ec_mp4-0023_jpg.rf.1b1a44a3b55bcf5f4b5f4449c9bc2ed3.jpg,sand,0.21487690489969136,conf_cut,0.7949868865721108,0.0020159119740128517
bbf45eda-4ffb-4bf1-9b29-a4e91475c8ec_mp4-0023_jpg.rf.1b1a44a3b55bcf5f4b5f4449c9bc2ed3.jpg,sand,0.010938102816358024,conf_cut,0.603299293008641,0.018079206347465515
bbf45eda-4ffb-4bf1-9b29-a4e91475c8ec_mp4-0024_jpg.rf.5bf15d578871f14886086b027afd7593.jpg,sand,0.007625626929012345,conf_cut,0.7605238540692236,0.0047630369663238525
bbf45eda-4ffb-4bf1-9b29-a4e91475c8ec_mp4-0024_jpg.rf.5bf15d578871f14886086b027afd7593.jpg,sand,0.15014949845679013,conf_cut,0.5685527912621359,0.0017571201315149665
bbf45eda-4ffb-4bf1-9b29-a4e91475c8ec_mp4-0025_jpg.rf.986bc6947ffdc5063ab128afafbcd65c.jpg,sand,0.07984302662037036,no_pred,0.0,0.5217238664627075
bbf45eda-4ffb-4bf1-9b29-a4e91475c8ec_mp4-0025_jpg.rf.986bc6947ffdc5063ab128afafbcd65c.jpg,sand,0.0057840229552469135,weak,0.0013501185914979019,0.5217238664627075
bbf45eda-4ffb-4bf1-9b29-a4e91475c8ec_mp4-0025_jpg.rf.986bc6947ffdc5063ab128afafbcd65c.jpg,sand,0.012746551890432098,no_pred,0.0,0.5217238664627075
bbf45eda-4ffb-4bf1-9b29-a4e91475c8ec_mp4-0025_jpg.rf.986bc6947ffdc5063ab128afafbcd65c.jpg,sand,0.015890239197530864,conf_cut,0.7879768392370572,0.018826328217983246
bbf45eda-4ffb-4bf1-9b29-a4e91475c8ec_mp4-0026_jpg.rf.8fd3bebdab2ba1b58d35905abcd08d48.jpg,sand,0.07228973765432099,iou_low,0.4709373363588759,0.0010565428528934717
bbf45eda-4ffb-4bf1-9b29-a4e91475c8ec_mp4-0026_jpg.rf.8fd3bebdab2ba1b58d35905abcd08d48.jpg,sand,0.09688163097993827,no_pred,0.0,0.035570643842220306
bbf45eda-4ffb-4bf1-9b29-a4e91475c8ec_mp4-0026_jpg.rf.8fd3bebdab2ba1b58d35905abcd08d48.jpg,sand,0.009937427662037037,weak,0.07684643168514137,0.002014086116105318
bbf45eda-4ffb-4bf1-9b29-a4e91475c8ec_mp4-0026_jpg.rf.8fd3bebdab2ba1b58d35905abcd08d48.jpg,sand,0.017355082947530864,iou_low,0.14389503361526784,0.0010059155756607652
bbf45eda-4ffb-4bf1-9b29-a4e91475c8ec_mp4-0027_jpg.rf.5555ddfde94ed3ca48999e6337b2a237.jpg,sand,0.10948350694444445,conf_cut,0.5301891807001861,0.001590713276527822
bbf45eda-4ffb-4bf1-9b29-a4e91475c8ec_mp4-0027_jpg.rf.5555ddfde94ed3ca48999e6337b2a237.jpg,sand,0.006106529706790123,weak,0.03334756922200868,0.001590713276527822
bbf45eda-4ffb-4bf1-9b29-a4e91475c8ec_mp4-0027_jpg.rf.5555ddfde94ed3ca48999e6337b2a237.jpg,sand,0.07056568287037036,no_pred,0.0,0.18662677705287933
bbf45eda-4ffb-4bf1-9b29-a4e91475c8ec_mp4-0027_jpg.rf.5555ddfde94ed3ca48999e6337b2a237.jpg,sand,0.024426118827160493,iou_low,0.19318336278374337,0.001590713276527822
bbf45eda-4ffb-4bf1-9b29-a4e91475c8ec_mp4-0027_jpg.rf.5555ddfde94ed3ca48999e6337b2a237.jpg,sand,0.00577196662808642,no_pred,0.0,0.18662677705287933
bbf45eda-4ffb-4bf1-9b29-a4e91475c8ec_mp4-0028_jpg.rf.67599c1db2717e5dc50f720e5bd03dfb.jpg,sand,0.04362280574845679,iou_low,0.3080123473359281,0.007537107449024916
bbf45eda-4ffb-4bf1-9b29-a4e91475c8ec_mp4-0028_jpg.rf.67599c1db2717e5dc50f720e5bd03dfb.jpg,sand,0.061451099537037035,no_pred,0.0,0.007537107449024916
bbf45eda-4ffb-4bf1-9b29-a4e91475c8ec_mp4-0028_jpg.rf.67599c1db2717e5dc50f720e5bd03dfb.jpg,sand,0.015549647955246914,no_pred,0.0,0.007537107449024916
bbf45eda-4ffb-4bf1-9b29-a4e91475c8ec_mp4-0028_jpg.rf.67599c1db2717e5dc50f720e5bd03dfb.jpg,sand,0.006766613618827161,no_pred,0.0,0.007537107449024916
bbf45eda-4ffb-4bf1-9b29-a4e91475c8ec_mp4-0028_jpg.rf.67599c1db2717e5dc50f720e5bd03dfb.jpg,sand,0.00577196662808642,weak,0.08783068783068783,0.002496941713616252
bbf45eda-4ffb-4bf1-9b29-a4e91475c8ec_mp4-0029_jpg.rf.dcfeb175e9f04fe54ad697cead910f41.jpg,sand,0.039318696952160496,no_pred,0.0,0.01113931741565466
bbf45eda-4ffb-4bf1-9b29-a4e91475c8ec_mp4-0029_jpg.rf.dcfeb175e9f04fe54ad697cead910f41.jpg,sand,0.010003737461419753,conf_cut,0.6770516717325228,0.0013512198347598314
bbf45eda-4ffb-4bf1-9b29-a4e91475c8ec_mp4-0029_jpg.rf.dcfeb175e9f04fe54ad697cead910f41.jpg,sand,0.012448157793209876,no_pred,0.0,0.01113931741565466
bbf45eda-4ffb-4bf1-9b29-a4e91475c8ec_mp4-0029_jpg.rf.dcfeb175e9f04fe54ad697cead910f41.jpg,sand,0.01788254726080247,iou_low,0.13785557986870897,0.002830122597515583
bbf45eda-4ffb-4bf1-9b29-a4e91475c8ec_mp4-0029_jpg.rf.dcfeb175e9f04fe54ad697cead910f41.jpg,sand,0.006106529706790123,weak,0.00544069640914037,0.01113931741565466
bbf45eda-4ffb-4bf1-9b29-a4e91475c8ec_mp4-0030_jpg.rf.526ff9e7bae3a4c5c1f9e72fca6fdce6.jpg,sand,0.009660132137345678,conf_cut,0.7082093991671624,0.0012433136580511928
bbf45eda-4ffb-4bf1-9b29-a4e91475c8ec_mp4-0030_jpg.rf.526ff9e7bae3a4c5c1f9e72fca6fdce6.jpg,sand,0.027129750192901234,no_pred,0.0,0.0013730843784287572
bbf45eda-4ffb-4bf1-9b29-a4e91475c8ec_mp4-0030_jpg.rf.526ff9e7bae3a4c5c1f9e72fca6fdce6.jpg,sand,0.005123939043209877,no_pred,0.0,0.0013730843784287572
bbf45eda-4ffb-4bf1-9b29-a4e91475c8ec_mp4-0030_jpg.rf.526ff9e7bae3a4c5c1f9e72fca6fdce6.jpg,sand,0.03263647762345679,no_pred,0.0,0.0013730843784287572
bbf45eda-4ffb-4bf1-9b29-a4e91475c8ec_mp4-0031_jpg.rf.584eb2ade757b1c12ddb72aa3a3f3566.jpg,sand,0.040539400077160496,iou_low,0.15423616724226616,0.004356067627668381
bbf45eda-4ffb-4bf1-9b29-a4e91475c8ec_mp4-0031_jpg.rf.584eb2ade757b1c12ddb72aa3a3f3566.jpg,sand,0.015203028549382717,no_pred,0.0,0.004356067627668381
bbf45eda-4ffb-4bf1-9b29-a4e91475c8ec_mp4-0031_jpg.rf.584eb2ade757b1c12ddb72aa3a3f3566.jpg,sand,0.034839771412037035,no_pred,0.0,0.004356067627668381
bbf45eda-4ffb-4bf1-9b29-a4e91475c8ec_mp4-0032_jpg.rf.1c2a92369ddbfedfacd9a7f2fa19f846.jpg,sand,0.04667908468364197,iou_low,0.11563250347529382,0.0019953714217990637
bbf45eda-4ffb-4bf1-9b29-a4e91475c8ec_mp4-0032_jpg.rf.1c2a92369ddbfedfacd9a7f2fa19f846.jpg,sand,0.01873553240740741,iou_low,0.11861137897782063,0.001478543970733881
bbf45eda-4ffb-4bf1-9b29-a4e91475c8ec_mp4-0032_jpg.rf.1c2a92369ddbfedfacd9a7f2fa19f846.jpg,sand,0.005563994984567901,no_pred,0.0,0.0019953714217990637
bbf45eda-4ffb-4bf1-9b29-a4e91475c8ec_mp4-0032_jpg.rf.1c2a92369ddbfedfacd9a7f2fa19f846.jpg,sand,0.03224464699074074,no_pred,0.0,0.0019953714217990637
bbf45eda-4ffb-4bf1-9b29-a4e91475c8ec_mp4-0033_jpg.rf.48ee2f87714b0470410fa52c2fd5dead.jpg,sand,0.033781828703703706,no_pred,0.0,0.007812054827809334
bbf45eda-4ffb-4bf1-9b29-a4e91475c8ec_mp4-0033_jpg.rf.48ee2f87714b0470410fa52c2fd5dead.jpg,sand,0.009195963541666666,no_pred,0.0,0.007812054827809334
bbf45eda-4ffb-4bf1-9b29-a4e91475c8ec_mp4-0033_jpg.rf.48ee2f87714b0470410fa52c2fd5dead.jpg,sand,0.022316261574074073,iou_low,0.10560432140445644,0.007498055696487427
bbf45eda-4ffb-4bf1-9b29-a4e91475c8ec_mp4-0033_jpg.rf.48ee2f87714b0470410fa52c2fd5dead.jpg,sand,0.005494671103395062,no_pred,0.0,0.007812054827809334
bbf45eda-4ffb-4bf1-9b29-a4e91475c8ec_mp4-0034_jpg.rf.786ea9ff908cfe2b1360bad114e11190.jpg,sand,0.005708670910493827,no_pred,0.0,0.008072438649833202
bbf45eda-4ffb-4bf1-9b29-a4e91475c8ec_mp4-0034_jpg.rf.786ea9ff908cfe2b1360bad114e11190.jpg,sand,0.0380346981095679,no_pred,0.0,0.008072438649833202
bbf45eda-4ffb-4bf1-9b29-a4e91475c8ec_mp4-0034_jpg.rf.786ea9ff908cfe2b1360bad114e11190.jpg,sand,0.03536422164351852,no_pred,0.0,0.008072438649833202
bbf45eda-4ffb-4bf1-9b29-a4e91475c8ec_mp4-0034_jpg.rf.786ea9ff908cfe2b1360bad114e11190.jpg,sand,0.017608265817901234,no_pred,0.0,0.008072438649833202
bbf45eda-4ffb-4bf1-9b29-a4e91475c8ec_mp4-0034_jpg.rf.786ea9ff908cfe2b1360bad114e11190.jpg,sand,0.005099826388888889,no_pred,0.0,0.008072438649833202
bbf45eda-4ffb-4bf1-9b29-a4e91475c8ec_mp4-0035_jpg.rf.013bc61d6ca4f7d1a91b387696b23869.jpg,sand,0.008541907793209876,weak,0.0872517837187312,0.0024403471034020185
bbf45eda-4ffb-4bf1-9b29-a4e91475c8ec_mp4-0035_jpg.rf.013bc61d6ca4f7d1a91b387696b23869.jpg,sand,0.035707826967592594,iou_low,0.4331890494125583,0.0010512517765164375
bbf45eda-4ffb-4bf1-9b29-a4e91475c8ec_mp4-0035_jpg.rf.013bc61d6ca4f7d1a91b387696b23869.jpg,sand,0.01975730613425926,iou_low,0.1783844956853869,0.0018166146473959088
bbf45eda-4ffb-4bf1-9b29-a4e91475c8ec_mp4-0035_jpg.rf.013bc61d6ca4f7d1a91b387696b23869.jpg,sand,0.005988980516975309,weak,0.0018805829807240243,0.0010973357129842043
bbf45eda-4ffb-4bf1-9b29-a4e91475c8ec_mp4-0035_jpg.rf.013bc61d6ca4f7d1a91b387696b23869.jpg,sand,0.034830729166666664,no_pred,0.0,0.061296552419662476
e9eebbd1-234c-467a-91b7-690191769c63-1-_mp4-0000_jpg.rf.96a7fd5302a1a14e4e0820543359a4cd.jpg,gravel,0.04523533950617284,cls_swap,0.9348018329447705,0.9548460245132446
e9eebbd1-234c-467a-91b7-690191769c63-1-_mp4-0001_jpg.rf.bf53b91510757b9d43ace2439132afd3.jpg,gravel,0.040866126543209876,cls_swap,0.9059955257270693,0.94569331407547
e9eebbd1-234c-467a-91b7-690191769c63-1-_mp4-0001_jpg.rf.bf53b91510757b9d43ace2439132afd3.jpg,gravel,0.03896797839506173,cls_swap,0.8771586093771359,0.9408000707626343
e9eebbd1-234c-467a-91b7-690191769c63-1-_mp4-0002_jpg.rf.b8192d37039a031a660ccc5050a1fc5f.jpg,gravel,0.021068672839506173,weak,0.48260275907528605,0.26016315817832947
e9eebbd1-234c-467a-91b7-690191769c63-1-_mp4-0002_jpg.rf.b8192d37039a031a660ccc5050a1fc5f.jpg,gravel,0.05718171296296296,cls_swap,0.9530678786681158,0.9476320743560791
f9b12ec3-0036-45f7-8cc3-4d2e6f481cdc_mp4-0000_jpg.rf.743d95f6211d81f88d40d7a330043ce5.jpg,gravel,0.020785108024691357,iou_low,0.49674920459261307,0.02520080842077732
f9b12ec3-0036-45f7-8cc3-4d2e6f481cdc_mp4-0001_jpg.rf.30fd4ba7084a42e400145c8413d0ebec.jpg,gravel,0.011730324074074074,no_pred,0.0,0.9400189518928528
f9b12ec3-0036-45f7-8cc3-4d2e6f481cdc_mp4-0004_jpg.rf.c5593864a2d0ed4d8b3014c573533bfb.jpg,gravel,0.014012345679012345,conf_cut,0.7668548301203536,0.0016327874036505818
f9b12ec3-0036-45f7-8cc3-4d2e6f481cdc_mp4-0005_jpg.rf.e5001a14fbe74c1f2207edc8abe287d3.jpg,gravel,0.011163194444444444,no_pred,0.0,0.2705720365047455
f9b12ec3-0036-45f7-8cc3-4d2e6f481cdc_mp4-0005_jpg.rf.e5001a14fbe74c1f2207edc8abe287d3.jpg,gravel,0.19016010802469135,conf_cut,0.9169741167000469,0.2705720365047455
f9b12ec3-0036-45f7-8cc3-4d2e6f481cdc_mp4-0006_jpg.rf.0710da59dd48bd0a50ee09446a048b8a.jpg,gravel,0.021548996913580247,conf_cut,0.835733502136414,0.1583234965801239
f9b12ec3-0036-45f7-8cc3-4d2e6f481cdc_mp4-0006_jpg.rf.0710da59dd48bd0a50ee09446a048b8a.jpg,gravel,0.1683005401234568,conf_cut,0.8623024605916971,0.15250268578529358
f9b12ec3-0036-45f7-8cc3-4d2e6f481cdc_mp4-0007_jpg.rf.575cd82f3a642c47e574bf96c785344c.jpg,gravel,0.0063097993827160494,no_pred,0.0,0.6323738694190979
f9b12ec3-0036-45f7-8cc3-4d2e6f481cdc_mp4-0008_jpg.rf.ec5cc4da02c081ec3a808bf56f105ddf.jpg,gravel,0.027054398148148147,conf_cut,0.7796400118028917,0.042993735522031784
f9b12ec3-0036-45f7-8cc3-4d2e6f481cdc_mp4-0008_jpg.rf.ec5cc4da02c081ec3a808bf56f105ddf.jpg,gravel,0.16448302469135803,conf_cut,0.8489957321143227,0.05302915349602699
f9b12ec3-0036-45f7-8cc3-4d2e6f481cdc_mp4-0008_jpg.rf.ec5cc4da02c081ec3a808bf56f105ddf.jpg,gravel,0.008011188271604939,no_pred,0.0,0.07555340975522995
f9b12ec3-0036-45f7-8cc3-4d2e6f481cdc_mp4-0009_jpg.rf.f0d9214f90f9ce93b786de9799f80b13.jpg,gravel,0.15502700617283952,cls_swap,0.7861593570332019,0.03633767366409302
f9b12ec3-0036-45f7-8cc3-4d2e6f481cdc_mp4-0009_jpg.rf.f0d9214f90f9ce93b786de9799f80b13.jpg,gravel,0.008090277777777778,conf_cut,0.8315943238731218,0.02300230599939823
f9b12ec3-0036-45f7-8cc3-4d2e6f481cdc_mp4-0010_jpg.rf.96882cb4ff527d2cdd3945373f3e0602.jpg,gravel,0.16827932098765433,cls_swap,0.8528230328487246,0.08103468269109726
f9b12ec3-0036-45f7-8cc3-4d2e6f481cdc_mp4-0010_jpg.rf.96882cb4ff527d2cdd3945373f3e0602.jpg,gravel,0.007137345679012345,conf_cut,0.8166852057842047,0.23438362777233124
f9b12ec3-0036-45f7-8cc3-4d2e6f481cdc_mp4-0011_jpg.rf.925508396bca82642733a7e20c1caf67.jpg,gravel,0.15126543209876545,conf_cut,0.7613551939262562,0.1604929119348526
f9b12ec3-0036-45f7-8cc3-4d2e6f481cdc_mp4-0011_jpg.rf.925508396bca82642733a7e20c1caf67.jpg,gravel,0.0077179783950617285,conf_cut,0.8537097526831544,0.06918696314096451
f9b12ec3-0036-45f7-8cc3-4d2e6f481cdc_mp4-0012_jpg.rf.f0c2a08ffe7fbfe689754387f02791c3.jpg,gravel,0.15049961419753086,conf_cut,0.7630799297275382,0.03161339461803436
f9b12ec3-0036-45f7-8cc3-4d2e6f481cdc_mp4-0012_jpg.rf.f0c2a08ffe7fbfe689754387f02791c3.jpg,gravel,0.006494984567901234,conf_cut,0.8062880324543611,0.006701976992189884
f9b12ec3-0036-45f7-8cc3-4d2e6f481cdc_mp4-0013_jpg.rf.40f6b0bbfad08f6bf396053d7cc01e08.jpg,gravel,0.005634645061728395,conf_cut,0.7366649404453651,0.020268738269805908
f9b12ec3-0036-45f7-8cc3-4d2e6f481cdc_mp4-0024_jpg.rf.0f3589c5d4550d480b3d43d10ca9115f.jpg,gravel,0.005881558641975308,no_pred,0.0,0.9499365091323853
f9b12ec3-0036-45f7-8cc3-4d2e6f481cdc_mp4-0025_jpg.rf.98b9c3c1d0dda7f801534eddfc56d4b5.jpg,gravel,0.005237268518518519,weak,0.004706132125544036,0.9510858654975891
f9b12ec3-0036-45f7-8cc3-4d2e6f481cdc_mp4-0026_jpg.rf.b25b0141f9a43cf4e1d3a39b269466ea.jpg,gravel,0.006140046296296296,weak,0.027719532708126916,0.949597954750061
f9b12ec3-0036-45f7-8cc3-4d2e6f481cdc_mp4-0029_jpg.rf.420c5294741aa78d4dce98884474fe5c.jpg,gravel,0.005947145061728395,conf_cut,0.7952662721893491,0.0010443417122587562
f9b12ec3-0036-45f7-8cc3-4d2e6f481cdc_mp4-0030_jpg.rf.29f76b9fc7d266e24a7d092db379c41b.jpg,gravel,0.005434027777777778,weak,0.01950752294467817,0.9522216320037842
f9b12ec3-0036-45f7-8cc3-4d2e6f481cdc_mp4-0031_jpg.rf.4d65c7b8db1196fb1081c105688afcc9.jpg,gravel,0.0055478395061728395,weak,0.02619027288141796,0.9594146013259888
f9b12ec3-0036-45f7-8cc3-4d2e6f481cdc_mp4-0032_jpg.rf.ae0b0c3b63ed8e04e754a408d20c24d5.jpg,gravel,0.006151620370370371,weak,0.02991489833368228,0.9492669105529785
f9b12ec3-0036-45f7-8cc3-4d2e6f481cdc_mp4-0033_jpg.rf.178a491e593a85a162ec0b75bdbf948e.jpg,gravel,0.005925925925925926,weak,0.01741729622015664,0.953060507774353
f9b12ec3-0036-45f7-8cc3-4d2e6f481cdc_mp4-0035_jpg.rf.90c0c9f2fceaacb5f9627b146d573e94.jpg,gravel,0.011028163580246914,conf_cut,0.8580917874396136,0.075280100107193
f9b12ec3-0036-45f7-8cc3-4d2e6f481cdc_mp4-0040_jpg.rf.80b981733b24511bda8590cd18dbd47b.jpg,gravel,0.008096064814814815,iou_low,0.4956306093528578,0.3259812593460083
f9b12ec3-0036-45f7-8cc3-4d2e6f481cdc_mp4-0042_jpg.rf.9cd3381dca75240a2a2046b9067465d8.jpg,gravel,0.006782407407407407,conf_cut,0.8126734505087881,0.07308747619390488
fe3e6f0d-5f1f-4948-8468-9538c3b384da_jpg.rf.ed2555e903d23777a178cf828971d272.jpg,sand,0.18255979938271605,iou_low,0.12182200430251726,0.001556437578983605
