config,strict_mAP,sieved_mAP,sand_strict,TP,FP,FN
sz640,0.3548,0.4485,0.1991,155,43,114
sz960,0.2922,0.3733,0.1309,125,44,144
sz1280,0.1956,0.2477,0.025,87,45,182
sz640_flipTTA,0.3595,0.453,0.1986,158,54,111
sz640_nms_free,0.3436,0.4338,0.1921,152,41,117
sz640_iou0.4,0.3566,0.4492,0.1972,155,39,114
sz640_temporal+0.1,0.3595,0.4544,0.2136,157,50,112
union_640+960,0.3526,0.4439,0.1923,159,61,110
union_640+960+1280,0.3456,0.4392,0.1827,158,79,111
union_640+960+flip,0.3581,0.4508,0.1955,162,71,107
union_base+clean960,0.3607,0.4547,0.1901,168,61,101
sahi480,0.0618,0.0886,0.0311,102,282,167
union_base+sahi,0.2495,0.3233,0.1385,159,297,110
