arm,fold,f1
full,0,0.8626934121983627
full,1,0.9595624272002404
full,2,0.9175876813030072
full,3,0.9942971843106665
baseline106,0,0.8528205310529855
baseline106,1,0.9158655292958889
baseline106,2,0.9174588647457094
baseline106,3,0.9878246371257806
color,0,0.8304713177449801
color,1,0.8699873871087508
color,2,0.9767848594997708
color,3,0.9783605303721288
texture_gpu,0,0.32596820414953853
texture_gpu,1,0.587044825685882
texture_gpu,2,0.6161926479764555
texture_gpu,3,0.5398165384136083
classic_rest,0,0.320048379742664
classic_rest,1,0.6633444095853572
classic_rest,2,0.6970715815990206
classic_rest,3,0.6209847943594073
