model,fold,f1_macro,acc,n_test,fit_s
svm_kernel,0,0.8626934121983627,0.9188387700952083,6407,0.4
svm_kernel,1,0.9595624272002404,0.9841356673960613,1828,1.3
svm_kernel,2,0.9175876813030072,0.9398907103825137,1830,1.3
svm_kernel,3,0.9942971843106665,0.996134732192159,1811,1.3
logreg,0,0.7721339623557694,0.8649914156391447,6407,1.3
logreg,1,0.780636490183843,0.8960612691466083,1828,0.1
logreg,2,0.7001126234656923,0.7426229508196721,1830,0.1
logreg,3,0.7704609011992438,0.8702374378796245,1811,0.1
mlp,0,0.8448685693760953,0.905728109879819,6407,0.2
mlp,1,0.8975630510808016,0.9556892778993435,1828,0.3
mlp,2,0.919266226020758,0.9415300546448088,1830,0.3
mlp,3,0.9926678083994283,0.9950303699613473,1811,0.3
cnn,0,0.6267631991258013,0.689558295614172,6407,12.8
cnn,1,0.9911895122421438,0.9967177242888403,1828,19.0
cnn,2,0.9808041958041958,0.9868852459016394,1830,20.4
cnn,3,0.9691267012136617,0.9784649364991718,1811,19.0
