feature,imp
hsv_mean_0,0.3834966245359386
lab_mean_2,0.006494962083455125
rgb_mean_2,0.003225783751760636
lab_std_2,0.002421554010311522
glcm_hom_d1_a90,0.002421554010311522
ltp_l_7,0.002421554010311522
lbp_0,0.00162937591123824
lab_skew_2,0.0016158509743395832
lab_mean_1,0.0016158509743395832
glcm_cor_d1_a0,0.0016158509743395832
glcm_hom_d2_a135,0.0016158509743395832
ltp_u_7,0.0016158509743395832
ltp_u_0,0.0016158509743395832
hsv_skew_1,0.0016158509743395832
lbp_9,0.0016158509743395832
lbp_6,0.0008207245289583165
lbp_1,0.0008207245289583165
tam_dir_1,0.0008207245289583165
glcm_ene_d1_a0,0.0008207245289583165
glcm_dis_d1_a0,0.0008207245289583165
glcm_dis_d1_a90,0.0008207245289583165
lbp_5,0.0008207245289583165
ltp_u_4,0.0008207245289583165
shape_peri,0.0008207245289583165
glcm_con_d2_a135,0.000808668396901413
glcm_cor_d2_a0,0.000808668396901413
glcm_cor_d1_a90,0.000808668396901413
glcm_cor_d2_a135,0.000808668396901413
glcm_ent_d1_a0,0.000808668396901413
glcm_ent_d2_a0,0.000808668396901413
lbp_2,0.000808668396901413
glcm_ent_d2_a135,0.000808668396901413
glcm_ent_d4_a90,0.000808668396901413
glcm_dis_d4_a90,0.000808668396901413
glcm_hom_d1_a0,0.000808668396901413
glcm_dis_d2_a90,0.000808668396901413
tam_dir_2,0.000808668396901413
ltp_l_5,0.000808668396901413
ltp_u_8,0.000808668396901413
glcm_con_d2_a0,0.000808668396901413
glcm_con_d1_a45,0.000808668396901413
glcm_con_d4_a90,0.000808668396901413
shape_hu3,0.000808668396901413
shape_hu2,0.000808668396901413
fractal_dim,0.000808668396901413
gran_3,0.000808668396901413
ltp_l_1,0.000808668396901413
gran_2,0.000808668396901413
glrlm_lre_d90,0.000808668396901413
ltp_u_1,0.000808668396901413
glrlm_lre_d135,0.000808668396901413
glrlm_gln_d0,0.000808668396901413
glcm_con_d4_a45,0.000808668396901413
rgb_std_0,0.000808668396901413
hsv_mean_1,0.000808668396901413
rgb_skew_0,0.000808668396901413
lbp_4,1.0578946826877988e-05
hsv_std_1,0.0
hsv_skew_0,0.0
lab_std_1,0.0
rgb_skew_1,0.0
glcm_dis_d2_a135,0.0
shape_solid,0.0
shape_circ,0.0
tam_dir_14,0.0
tam_dir_3,0.0
glrlm_sre_d0,0.0
lbp_3,0.0
glcm_ent_d2_a45,0.0
glcm_cor_d2_a45,0.0
glcm_hom_d4_a90,0.0
glcm_hom_d2_a90,0.0
glcm_hom_d2_a45,0.0
glcm_ent_d1_a90,0.0
glcm_ene_d2_a45,0.0
glcm_ene_d2_a0,0.0
glcm_ene_d2_a135,0.0
glcm_cor_d4_a0,0.0
glcm_dis_d2_a45,0.0
glcm_dis_d2_a0,0.0
glcm_con_d1_a0,0.0
glcm_con_d2_a45,0.0
ltp_l_6,0.0
glrlm_sre_d90,0.0
ltp_u_2,0.0
ltp_l_4,0.0
tam_dir_0,0.0
tam_coarse,0.0
ltp_l_2,0.0
ltp_u_5,0.0
ltp_u_6,0.0
lbp_8,0.0
ltp_u_3,0.0
lbp_7,0.0
shape_hu6,0.0
shape_hu5,0.0
shape_ar,0.0
gran_4,0.0
gran_7,0.0
glrlm_sre_d45,0.0
tam_dir_4,0.0
tam_dir_5,0.0
tam_dir_11,0.0
tam_dir_10,0.0
tam_dir_12,0.0
tam_dir_13,0.0
tam_dir_8,0.0
tam_dir_9,0.0
tam_dir_6,0.0
tam_dir_7,0.0
shape_hu7,0.0
shape_hu4,0.0
gran_6,0.0
gran_5,0.0
shape_area,0.0
shape_hu1,-0.0008010671915259504
rgb_std_2,-0.0008101605256145561
glcm_con_d1_a90,-0.0008101605256145561
ltp_l_8,-0.0008101605256145561
ltp_l_3,-0.0008101605256145561
lab_skew_1,-0.0008101605256145561
ltp_u_9,-0.0008101605256145561
tam_dir_15,-0.0008101605256145561
rgb_mean_0,-0.0016142202742496226
hsv_std_0,-0.0016218195206474384
gran_1,-0.0016218195206474384
